-- phpMyAdmin SQL Dump
-- version 4.5.1
-- http://www.phpmyadmin.net
--
-- Host: 127.0.0.1
-- Generation Time: Dec 01, 2016 at 07:27 AM
-- Server version: 10.1.16-MariaDB
-- PHP Version: 7.0.9

SET SQL_MODE = "NO_AUTO_VALUE_ON_ZERO";
SET time_zone = "+00:00";


/*!40101 SET @OLD_CHARACTER_SET_CLIENT=@@CHARACTER_SET_CLIENT */;
/*!40101 SET @OLD_CHARACTER_SET_RESULTS=@@CHARACTER_SET_RESULTS */;
/*!40101 SET @OLD_COLLATION_CONNECTION=@@COLLATION_CONNECTION */;
/*!40101 SET NAMES utf8mb4 */;

--
-- Database: `students`
--

-- --------------------------------------------------------

--
-- Table structure for table `enrollment`
--

CREATE TABLE `enrollment` (
  `enrollment` varchar(11) NOT NULL,
  `name` varchar(32) NOT NULL
) ENGINE=InnoDB DEFAULT CHARSET=latin1;

--
-- Dumping data for table `enrollment`
--

INSERT INTO `enrollment` (`enrollment`, `name`) VALUES
('BE09F02F021', 'Jay Hind'),
('BE09F02F054', ''),
('BE09F06F055', ''),
('BE11F01F016', ''),
('BE11F03F007', ''),
('BE11F05F047', ''),
('BE11F06F002', ''),
('BE12F01F001', ''),
('BE12F01F021', ''),
('BE12F02F025', ''),
('BE12F03F032', ''),
('BE12F05F002', ''),
('BE12F05F061', ''),
('BE12F06F011', ''),
('BE12F06F051', ''),
('BE12F06F061', ''),
('BE12S01F005', ''),
('BE13F01F001', ''),
('BE13F01F002', ''),
('BE13F01F003', ''),
('BE13F01F004', ''),
('BE13F01F005', ''),
('BE13F01F006', ''),
('BE13F01F007', ''),
('BE13F01F008', ''),
('BE13F01F009', ''),
('BE13F01F010', ''),
('BE13F01F011', ''),
('BE13F01F012', ''),
('BE13F01F013', ''),
('BE13F01F014', ''),
('BE13F01F015', ''),
('BE13F01F016', ''),
('BE13F01F017', ''),
('BE13F01F019', ''),
('BE13F01F020', ''),
('BE13F01F021', ''),
('BE13F01F022', ''),
('BE13F01F023', ''),
('BE13F01F025', ''),
('BE13F01F026', ''),
('BE13F01F027', ''),
('BE13F01F028', ''),
('BE13F01F029', ''),
('BE13F01F030', ''),
('BE13F01F031', ''),
('BE13F01F032', ''),
('BE13F01F033', ''),
('BE13F01F034', ''),
('BE13F01F035', ''),
('BE13F01F036', ''),
('BE13F01F037', ''),
('BE13F01F038', ''),
('BE13F01F039', ''),
('BE13F01F040', ''),
('BE13F01F041', ''),
('BE13F01F042', ''),
('BE13F01F043', ''),
('BE13F01F044', ''),
('BE13F01F046', ''),
('BE13F01F047', ''),
('BE13F01F049', ''),
('BE13F01F051', ''),
('BE13F01F052', ''),
('BE13F01F053', ''),
('BE13F01F054', ''),
('BE13F01F055', ''),
('BE13F01F056', ''),
('BE13F01F057', ''),
('BE13F01F058', ''),
('BE13F01F060', ''),
('BE13F01F061', ''),
('BE13F01F062', ''),
('BE13F01F063', ''),
('BE13F02F001', ''),
('BE13F02F002', ''),
('BE13F02F003', ''),
('BE13F02F004', ''),
('BE13F02F005', ''),
('BE13F02F006', ''),
('BE13F02F007', ''),
('BE13F02F008', ''),
('BE13F02F009', ''),
('BE13F02F010', ''),
('BE13F02F011', ''),
('BE13F02F012', ''),
('BE13F02F013', ''),
('BE13F02F014', ''),
('BE13F02F016', ''),
('BE13F02F017', ''),
('BE13F02F018', ''),
('BE13F02F019', ''),
('BE13F02F020', ''),
('BE13F02F021', ''),
('BE13F02F022', ''),
('BE13F02F023', ''),
('BE13F02F024', ''),
('BE13F02F025', ''),
('BE13F02F026', ''),
('BE13F02F027', ''),
('BE13F02F028', ''),
('BE13F02F029', ''),
('BE13F02F030', ''),
('BE13F02F031', ''),
('BE13F02F032', ''),
('BE13F02F033', ''),
('BE13F02F034', ''),
('BE13F02F035', ''),
('BE13F02F036', ''),
('BE13F02F037', ''),
('BE13F02F038', ''),
('BE13F02F039', ''),
('BE13F02F040', ''),
('BE13F02F041', ''),
('BE13F02F042', ''),
('BE13F02F043', ''),
('BE13F02F044', ''),
('BE13F02F045', ''),
('BE13F02F046', ''),
('BE13F02F048', ''),
('BE13F02F049', ''),
('BE13F02F050', ''),
('BE13F02F051', ''),
('BE13F02F052', ''),
('BE13F02F053', ''),
('BE13F02F054', ''),
('BE13F02F055', ''),
('BE13F02F056', ''),
('BE13F02F057', ''),
('BE13F02F058', ''),
('BE13F02F059', ''),
('BE13F02F061', ''),
('BE13F02F062', ''),
('BE13F02F063', ''),
('BE13F03F001', ''),
('BE13F03F002', ''),
('BE13F03F005', ''),
('BE13F03F006', ''),
('BE13F03F007', ''),
('BE13F03F008', ''),
('BE13F03F009', ''),
('BE13F03F011', ''),
('BE13F03F012', ''),
('BE13F03F013', ''),
('BE13F03F014', ''),
('BE13F03F015', ''),
('BE13F03F016', ''),
('BE13F03F017', ''),
('BE13F03F019', ''),
('BE13F03F020', ''),
('BE13F03F021', ''),
('BE13F03F022', ''),
('BE13F03F023', ''),
('BE13F03F024', ''),
('BE13F03F025', ''),
('BE13F03F026', ''),
('BE13F03F027', ''),
('BE13F03F028', ''),
('BE13F03F029', ''),
('BE13F03F030', ''),
('BE13F03F031', ''),
('BE13F03F032', ''),
('BE13F03F033', ''),
('BE13F03F035', ''),
('BE13F03F036', ''),
('BE13F03F037', ''),
('BE13F03F038', ''),
('BE13F03F039', ''),
('BE13F03F040', ''),
('BE13F03F041', ''),
('BE13F03F042', ''),
('BE13F03F043', ''),
('BE13F03F044', ''),
('BE13F03F045', ''),
('BE13F03F046', ''),
('BE13F03F047', ''),
('BE13F03F048', ''),
('BE13F03F049', ''),
('BE13F03F050', ''),
('BE13F03F052', ''),
('BE13F03F053', ''),
('BE13F03F054', ''),
('BE13F03F055', ''),
('BE13F03F056', ''),
('BE13F03F057', ''),
('BE13F03F058', ''),
('BE13F03F059', ''),
('BE13F03F060', ''),
('BE13F03F061', ''),
('BE13F04F001', ''),
('BE13F04F003', ''),
('BE13F04F005', ''),
('BE13F04F007', ''),
('BE13F04F008', ''),
('BE13F04F009', ''),
('BE13F04F010', ''),
('BE13F04F011', ''),
('BE13F04F012', ''),
('BE13F04F013', ''),
('BE13F04F014', ''),
('BE13F04F015', ''),
('BE13F04F016', ''),
('BE13F04F017', ''),
('BE13F04F018', ''),
('BE13F04F019', ''),
('BE13F04F020', ''),
('BE13F04F021', ''),
('BE13F04F022', ''),
('BE13F04F023', ''),
('BE13F04F024', ''),
('BE13F04F025', ''),
('BE13F04F026', ''),
('BE13F04F027', ''),
('BE13F04F028', ''),
('BE13F04F029', ''),
('BE13F04F030', ''),
('BE13F04F031', ''),
('BE13F04F032', ''),
('BE13F04F033', ''),
('BE13F04F034', ''),
('BE13F04F035', ''),
('BE13F04F036', ''),
('BE13F04F037', ''),
('BE13F04F038', ''),
('BE13F04F039', ''),
('BE13F04F040', ''),
('BE13F04F041', ''),
('BE13F04F042', ''),
('BE13F04F043', ''),
('BE13F04F044', ''),
('BE13F04F045', ''),
('BE13F04F046', ''),
('BE13F04F047', ''),
('BE13F04F048', ''),
('BE13F04F049', ''),
('BE13F04F050', ''),
('BE13F04F051', ''),
('BE13F04F052', ''),
('BE13F04F053', ''),
('BE13F04F054', ''),
('BE13F04F055', ''),
('BE13F04F056', ''),
('BE13F04F058', ''),
('BE13F04F059', ''),
('BE13F04F060', ''),
('BE13F04F061', ''),
('BE13F04F062', ''),
('BE13F04F063', ''),
('BE13F05F002', ''),
('BE13F05F004', ''),
('BE13F05F005', ''),
('BE13F05F006', ''),
('BE13F05F007', ''),
('BE13F05F008', ''),
('BE13F05F009', ''),
('BE13F05F010', ''),
('BE13F05F011', ''),
('BE13F05F013', ''),
('BE13F05F014', ''),
('BE13F05F015', ''),
('BE13F05F016', ''),
('BE13F05F017', ''),
('BE13F05F018', ''),
('BE13F05F019', ''),
('BE13F05F020', ''),
('BE13F05F021', ''),
('BE13F05F022', ''),
('BE13F05F023', ''),
('BE13F05F024', ''),
('BE13F05F025', ''),
('BE13F05F026', ''),
('BE13F05F027', ''),
('BE13F05F028', ''),
('BE13F05F029', ''),
('BE13F05F031', ''),
('BE13F05F033', ''),
('BE13F05F034', ''),
('BE13F05F035', ''),
('BE13F05F036', ''),
('BE13F05F038', ''),
('BE13F05F039', ''),
('BE13F05F040', ''),
('BE13F05F042', ''),
('BE13F05F044', ''),
('BE13F05F045', ''),
('BE13F05F046', ''),
('BE13F05F049', ''),
('BE13F05F050', ''),
('BE13F05F051', ''),
('BE13F05F052', ''),
('BE13F05F053', ''),
('BE13F05F055', ''),
('BE13F05F056', ''),
('BE13F05F057', ''),
('BE13F05F058', ''),
('BE13F05F059', ''),
('BE13F05F060', ''),
('BE13F05F061', ''),
('BE13F05F062', ''),
('BE13F05F063', ''),
('BE13F06F001', ''),
('BE13F06F002', ''),
('BE13F06F003', ''),
('BE13F06F004', ''),
('BE13F06F005', ''),
('BE13F06F006', ''),
('BE13F06F007', ''),
('BE13F06F008', ''),
('BE13F06F009', ''),
('BE13F06F010', ''),
('BE13F06F011', ''),
('BE13F06F014', ''),
('BE13F06F015', ''),
('BE13F06F016', ''),
('BE13F06F017', ''),
('BE13F06F018', ''),
('BE13F06F019', ''),
('BE13F06F021', ''),
('BE13F06F022', ''),
('BE13F06F023', ''),
('BE13F06F024', ''),
('BE13F06F025', ''),
('BE13F06F026', ''),
('BE13F06F027', ''),
('BE13F06F028', ''),
('BE13F06F030', ''),
('BE13F06F031', ''),
('BE13F06F033', ''),
('BE13F06F034', ''),
('BE13F06F035', ''),
('BE13F06F036', ''),
('BE13F06F037', ''),
('BE13F06F038', ''),
('BE13F06F039', ''),
('BE13F06F040', ''),
('BE13F06F041', ''),
('BE13F06F042', ''),
('BE13F06F043', ''),
('BE13F06F044', ''),
('BE13F06F046', ''),
('BE13F06F047', ''),
('BE13F06F048', ''),
('BE13F06F049', ''),
('BE13F06F050', ''),
('BE13F06F051', ''),
('BE13F06F052', ''),
('BE13F06F053', ''),
('BE13F06F054', ''),
('BE13F06F055', ''),
('BE13F06F056', ''),
('BE13F06F057', ''),
('BE13F06F058', ''),
('BE13F06F060', ''),
('BE13F06F061', ''),
('BE13F06F063', ''),
('BE13S02F012', ''),
('BE14F01F001', ''),
('BE14F01F002', ''),
('BE14F01F003', ''),
('BE14F01F004', ''),
('BE14F01F005', ''),
('BE14F01F006', ''),
('BE14F01F007', ''),
('BE14F01F008', ''),
('BE14F01F009', ''),
('BE14F01F010', ''),
('BE14F01F011', ''),
('BE14F01F012', ''),
('BE14F01F013', ''),
('BE14F01F014', ''),
('BE14F01F016', ''),
('BE14F01F017', ''),
('BE14F01F018', ''),
('BE14F01F019', ''),
('BE14F01F020', ''),
('BE14F01F021', ''),
('BE14F01F022', ''),
('BE14F01F023', ''),
('BE14F01F024', ''),
('BE14F01F025', ''),
('BE14F01F026', ''),
('BE14F01F027', ''),
('BE14F01F028', ''),
('BE14F01F029', ''),
('BE14F01F030', ''),
('BE14F01F031', ''),
('BE14F01F032', ''),
('BE14F01F033', ''),
('BE14F01F034', ''),
('BE14F01F035', ''),
('BE14F01F036', ''),
('BE14F01F037', ''),
('BE14F01F038', ''),
('BE14F01F039', ''),
('BE14F01F040', ''),
('BE14F01F041', ''),
('BE14F01F042', ''),
('BE14F01F043', ''),
('BE14F01F044', ''),
('BE14F01F045', ''),
('BE14F01F046', ''),
('BE14F01F047', ''),
('BE14F01F048', ''),
('BE14F01F049', ''),
('BE14F01F050', ''),
('BE14F01F051', ''),
('BE14F01F052', ''),
('BE14F01F053', ''),
('BE14F01F054', ''),
('BE14F01F055', ''),
('BE14F01F056', ''),
('BE14F01F057', ''),
('BE14F01F060', ''),
('BE14F01F061', ''),
('BE14F02F001', ''),
('BE14F02F002', ''),
('BE14F02F003', ''),
('BE14F02F004', ''),
('BE14F02F005', ''),
('BE14F02F006', ''),
('BE14F02F007', ''),
('BE14F02F008', ''),
('BE14F02F010', ''),
('BE14F02F011', ''),
('BE14F02F012', ''),
('BE14F02F015', ''),
('BE14F02F016', ''),
('BE14F02F017', ''),
('BE14F02F018', ''),
('BE14F02F020', ''),
('BE14F02F021', ''),
('BE14F02F022', ''),
('BE14F02F023', ''),
('BE14F02F024', ''),
('BE14F02F025', ''),
('BE14F02F026', ''),
('BE14F02F027', ''),
('BE14F02F028', ''),
('BE14F02F029', ''),
('BE14F02F032', ''),
('BE14F02F033', ''),
('BE14F02F034', ''),
('BE14F02F035', ''),
('BE14F02F036', ''),
('BE14F02F037', ''),
('BE14F02F038', ''),
('BE14F02F039', ''),
('BE14F02F040', ''),
('BE14F02F043', ''),
('BE14F02F044', ''),
('BE14F02F045', ''),
('BE14F02F046', ''),
('BE14F02F047', ''),
('BE14F02F048', ''),
('BE14F02F049', ''),
('BE14F02F051', ''),
('BE14F02F052', ''),
('BE14F02F053', ''),
('BE14F02F054', ''),
('BE14F02F055', ''),
('BE14F02F056', ''),
('BE14F02F057', ''),
('BE14F02F058', ''),
('BE14F02F059', ''),
('BE14F02F060', ''),
('BE14F02F061', ''),
('BE14F02F062', ''),
('BE14F02F063', ''),
('BE14F03F001', ''),
('BE14F03F002', ''),
('BE14F03F003', ''),
('BE14F03F004', ''),
('BE14F03F005', ''),
('BE14F03F006', ''),
('BE14F03F008', ''),
('BE14F03F009', ''),
('BE14F03F010', ''),
('BE14F03F012', ''),
('BE14F03F013', ''),
('BE14F03F014', ''),
('BE14F03F015', ''),
('BE14F03F016', ''),
('BE14F03F017', ''),
('BE14F03F018', ''),
('BE14F03F019', ''),
('BE14F03F022', ''),
('BE14F03F023', ''),
('BE14F03F024', ''),
('BE14F03F025', ''),
('BE14F03F026', ''),
('BE14F03F028', ''),
('BE14F03F029', ''),
('BE14F03F030', ''),
('BE14F03F031', ''),
('BE14F03F032', ''),
('BE14F03F033', ''),
('BE14F03F034', ''),
('BE14F03F035', ''),
('BE14F03F036', ''),
('BE14F03F037', ''),
('BE14F03F038', ''),
('BE14F03F039', ''),
('BE14F03F040', ''),
('BE14F03F042', ''),
('BE14F03F043', ''),
('BE14F03F044', ''),
('BE14F03F045', ''),
('BE14F03F046', ''),
('BE14F03F047', ''),
('BE14F03F048', ''),
('BE14F03F049', ''),
('BE14F03F050', ''),
('BE14F03F052', ''),
('BE14F03F053', ''),
('BE14F03F055', ''),
('BE14F03F056', ''),
('BE14F03F058', ''),
('BE14F03F059', ''),
('BE14F03F060', ''),
('BE14F03F061', ''),
('BE14F03F062', ''),
('BE14F03F063', ''),
('BE14F03F064', ''),
('BE14F04F001', ''),
('BE14F04F002', ''),
('BE14F04F003', ''),
('BE14F04F005', ''),
('BE14F04F006', ''),
('BE14F04F007', ''),
('BE14F04F008', ''),
('BE14F04F009', ''),
('BE14F04F010', ''),
('BE14F04F011', ''),
('BE14F04F012', ''),
('BE14F04F013', ''),
('BE14F04F014', ''),
('BE14F04F015', ''),
('BE14F04F016', ''),
('BE14F04F017', ''),
('BE14F04F018', ''),
('BE14F04F019', ''),
('BE14F04F020', ''),
('BE14F04F021', ''),
('BE14F04F022', ''),
('BE14F04F023', ''),
('BE14F04F024', ''),
('BE14F04F025', ''),
('BE14F04F026', ''),
('BE14F04F029', ''),
('BE14F04F030', ''),
('BE14F04F031', ''),
('BE14F04F032', ''),
('BE14F04F033', ''),
('BE14F04F034', ''),
('BE14F04F035', ''),
('BE14F04F036', ''),
('BE14F04F037', ''),
('BE14F04F038', ''),
('BE14F04F039', ''),
('BE14F04F040', ''),
('BE14F04F041', ''),
('BE14F04F042', ''),
('BE14F04F043', ''),
('BE14F04F044', ''),
('BE14F04F045', ''),
('BE14F04F046', ''),
('BE14F04F047', ''),
('BE14F04F048', ''),
('BE14F04F049', ''),
('BE14F04F050', ''),
('BE14F04F051', ''),
('BE14F04F052', ''),
('BE14F04F053', ''),
('BE14F04F054', ''),
('BE14F04F055', ''),
('BE14F04F056', ''),
('BE14F04F057', ''),
('BE14F04F059', ''),
('BE14F04F060', ''),
('BE14F04F061', ''),
('BE14F04F062', ''),
('BE14F04F063', ''),
('BE14F04F064', ''),
('BE14F05F001', ''),
('BE14F05F002', ''),
('BE14F05F003', ''),
('BE14F05F004', ''),
('BE14F05F005', ''),
('BE14F05F006', ''),
('BE14F05F007', ''),
('BE14F05F008', ''),
('BE14F05F009', ''),
('BE14F05F010', ''),
('BE14F05F011', ''),
('BE14F05F012', ''),
('BE14F05F013', ''),
('BE14F05F014', ''),
('BE14F05F015', ''),
('BE14F05F016', ''),
('BE14F05F017', ''),
('BE14F05F018', ''),
('BE14F05F019', ''),
('BE14F05F020', ''),
('BE14F05F021', ''),
('BE14F05F022', ''),
('BE14F05F024', ''),
('BE14F05F025', ''),
('BE14F05F026', ''),
('BE14F05F027', ''),
('BE14F05F029', ''),
('BE14F05F030', ''),
('BE14F05F031', ''),
('BE14F05F032', ''),
('BE14F05F033', ''),
('BE14F05F034', ''),
('BE14F05F035', ''),
('BE14F05F037', ''),
('BE14F05F039', ''),
('BE14F05F040', ''),
('BE14F05F042', ''),
('BE14F05F043', ''),
('BE14F05F046', ''),
('BE14F05F047', ''),
('BE14F05F048', ''),
('BE14F05F049', ''),
('BE14F05F050', ''),
('BE14F05F051', ''),
('BE14F05F052', ''),
('BE14F05F054', ''),
('BE14F05F055', ''),
('BE14F05F057', ''),
('BE14F05F058', ''),
('BE14F05F059', ''),
('BE14F05F060', ''),
('BE14F05F061', ''),
('BE14F05F062', ''),
('BE14F05F063', ''),
('BE14F05F064', ''),
('BE14F06F001', ''),
('BE14F06F002', ''),
('BE14F06F003', ''),
('BE14F06F004', ''),
('BE14F06F005', ''),
('BE14F06F006', ''),
('BE14F06F008', ''),
('BE14F06F009', ''),
('BE14F06F010', ''),
('BE14F06F011', ''),
('BE14F06F013', ''),
('BE14F06F014', ''),
('BE14F06F015', ''),
('BE14F06F016', ''),
('BE14F06F017', ''),
('BE14F06F018', ''),
('BE14F06F019', ''),
('BE14F06F020', ''),
('BE14F06F021', ''),
('BE14F06F022', ''),
('BE14F06F023', ''),
('BE14F06F024', ''),
('BE14F06F026', ''),
('BE14F06F027', ''),
('BE14F06F028', ''),
('BE14F06F029', ''),
('BE14F06F030', ''),
('BE14F06F031', ''),
('BE14F06F032', ''),
('BE14F06F033', ''),
('BE14F06F034', ''),
('BE14F06F035', ''),
('BE14F06F036', ''),
('BE14F06F037', ''),
('BE14F06F038', ''),
('BE14F06F039', ''),
('BE14F06F040', ''),
('BE14F06F041', ''),
('BE14F06F042', ''),
('BE14F06F044', ''),
('BE14F06F047', ''),
('BE14F06F049', ''),
('BE14F06F050', ''),
('BE14F06F052', ''),
('BE14F06F053', ''),
('BE14F06F054', ''),
('BE14F06F055', ''),
('BE14F06F056', ''),
('BE14F06F057', ''),
('BE14F06F058', ''),
('BE14F06F059', ''),
('BE14F06F060', ''),
('BE14F06F061', ''),
('BE14F06F062', ''),
('BE14F06F063', ''),
('BE14S01F001', ''),
('BE14S01F002', ''),
('BE14S01F003', ''),
('BE14S01F004', ''),
('BE14S01F005', ''),
('BE14S01F006', ''),
('BE14S01F007', ''),
('BE14S01F008', ''),
('BE14S01F009', ''),
('BE14S01F010', ''),
('BE14S01F011', ''),
('BE14S01F012', ''),
('BE14S02F001', ''),
('BE14S02F002', ''),
('BE14S02F003', ''),
('BE14S02F004', ''),
('BE14S02F005', ''),
('BE14S02F006', ''),
('BE14S02F007', ''),
('BE14S02F008', ''),
('BE14S02F009', ''),
('BE14S02F010', ''),
('BE14S02F011', ''),
('BE14S02F012', ''),
('BE14S03F001', ''),
('BE14S03F002', ''),
('BE14S03F003', ''),
('BE14S03F004', ''),
('BE14S03F005', ''),
('BE14S03F006', ''),
('BE14S03F007', ''),
('BE14S03F008', ''),
('BE14S03F009', ''),
('BE14S03F010', ''),
('BE14S03F011', ''),
('BE14S03F012', ''),
('BE14S04F001', ''),
('BE14S04F002', ''),
('BE14S04F003', ''),
('BE14S04F004', ''),
('BE14S04F005', ''),
('BE14S04F006', ''),
('BE14S04F007', ''),
('BE14S04F008', ''),
('BE14S04F009', ''),
('BE14S04F010', ''),
('BE14S04F011', ''),
('BE14S04F012', ''),
('BE14S04F013', ''),
('BE14S04F014', ''),
('BE14S05F001', ''),
('BE14S05F002', ''),
('BE14S05F003', ''),
('BE14S05F004', ''),
('BE14S05F005', ''),
('BE14S05F006', ''),
('BE14S05F007', ''),
('BE14S05F008', ''),
('BE14S05F009', ''),
('BE14S05F010', ''),
('BE14S05F011', ''),
('BE14S05F012', ''),
('BE14S06F001', ''),
('BE14S06F002', ''),
('BE14S06F003', ''),
('BE14S06F004', ''),
('BE14S06F005', ''),
('BE14S06F006', ''),
('BE14S06F007', ''),
('BE14S06F008', ''),
('BE14S06F009', ''),
('BE14S06F010', ''),
('BE14S06F011', ''),
('BE14S06F012', ''),
('BE14S06F013', ''),
('BE15F01F001', ''),
('BE15F01F002', ''),
('BE15F01F005', ''),
('BE15F01F006', ''),
('BE15F01F007', ''),
('BE15F01F008', ''),
('BE15F01F009', ''),
('BE15F01F010', ''),
('BE15F01F011', ''),
('BE15F01F012', ''),
('BE15F01F013', ''),
('BE15F01F015', ''),
('BE15F01F016', ''),
('BE15F01F017', ''),
('BE15F01F018', ''),
('BE15F01F019', ''),
('BE15F01F020', ''),
('BE15F01F021', ''),
('BE15F01F022', ''),
('BE15F01F023', ''),
('BE15F01F024', ''),
('BE15F01F025', ''),
('BE15F01F026', ''),
('BE15F01F027', ''),
('BE15F01F028', ''),
('BE15F01F029', ''),
('BE15F01F030', ''),
('BE15F01F031', ''),
('BE15F01F032', ''),
('BE15F01F033', ''),
('BE15F01F034', ''),
('BE15F01F035', ''),
('BE15F01F036', ''),
('BE15F01F037', ''),
('BE15F01F038', ''),
('BE15F01F039', ''),
('BE15F01F040', ''),
('BE15F01F041', ''),
('BE15F01F042', ''),
('BE15F01F042', ''),
('BE15F01F043', ''),
('BE15F01F044', ''),
('BE15F01F045', ''),
('BE15F01F046', ''),
('BE15F01F047', ''),
('BE15F01F048', ''),
('BE15F01F049', ''),
('BE15F01F050', ''),
('BE15F01F051', ''),
('BE15F01F052', ''),
('BE15F01F053', ''),
('BE15F01F054', ''),
('BE15F01F057', ''),
('BE15F01F058', ''),
('BE15F01F059', ''),
('BE15F01F060', ''),
('BE15F01F061', ''),
('BE15F02F001', ''),
('BE15F02F002', ''),
('BE15F02F003', ''),
('BE15F02F004', ''),
('BE15F02F005', ''),
('BE15F02F006', ''),
('BE15F02F007', ''),
('BE15F02F008', ''),
('BE15F02F009', ''),
('BE15F02F010', ''),
('BE15F02F011', ''),
('BE15F02F012', ''),
('BE15F02F013', ''),
('BE15F02F014', ''),
('BE15F02F015', ''),
('BE15F02F016', ''),
('BE15F02F018', ''),
('BE15F02F019', ''),
('BE15F02F020', ''),
('BE15F02F021', ''),
('BE15F02F022', ''),
('BE15F02F023', ''),
('BE15F02F025', ''),
('BE15F02F026', ''),
('BE15F02F027', ''),
('BE15F02F028', ''),
('BE15F02F029', ''),
('BE15F02F030', ''),
('BE15F02F031', ''),
('BE15F02F032', ''),
('BE15F02F033', ''),
('BE15F02F034', ''),
('BE15F02F035', ''),
('BE15F02F036', ''),
('BE15F02F037', ''),
('BE15F02F038', ''),
('BE15F02F039', ''),
('BE15F02F040', ''),
('BE15F02F041', ''),
('BE15F02F042', ''),
('BE15F02F043', ''),
('BE15F02F044', ''),
('BE15F02F045', ''),
('BE15F02F046', ''),
('BE15F02F047', ''),
('BE15F02F048', ''),
('BE15F02F049', ''),
('BE15F02F050', ''),
('BE15F02F051', ''),
('BE15F02F052', ''),
('BE15F02F053', ''),
('BE15F02F054', ''),
('BE15F02F055', ''),
('BE15F02F056', ''),
('BE15F02F057', ''),
('BE15F02F058', ''),
('BE15F02F059', ''),
('BE15F02F060', ''),
('BE15F02F061', ''),
('BE15F03F001', ''),
('BE15F03F002', ''),
('BE15F03F003', ''),
('BE15F03F004', ''),
('BE15F03F005', ''),
('BE15F03F006', ''),
('BE15F03F008', ''),
('BE15F03F009', ''),
('BE15F03F010', ''),
('BE15F03F011', ''),
('BE15F03F012', ''),
('BE15F03F013', ''),
('BE15F03F014', ''),
('BE15F03F015', ''),
('BE15F03F016', ''),
('BE15F03F017', ''),
('BE15F03F018', ''),
('BE15F03F019', ''),
('BE15F03F021', ''),
('BE15F03F023', ''),
('BE15F03F024', ''),
('BE15F03F025', ''),
('BE15F03F026', ''),
('BE15F03F027', ''),
('BE15F03F028', ''),
('BE15F03F029', ''),
('BE15F03F029', ''),
('BE15F03F030', ''),
('BE15F03F031', ''),
('BE15F03F032', ''),
('BE15F03F033', ''),
('BE15F03F034', ''),
('BE15F03F035', ''),
('BE15F03F037', ''),
('BE15F03F038', ''),
('BE15F03F039', ''),
('BE15F03F040', ''),
('BE15F03F041', ''),
('BE15F03F042', ''),
('BE15F03F043', ''),
('BE15F03F044', ''),
('BE15F03F045', ''),
('BE15F03F046', ''),
('BE15F03F047', ''),
('BE15F03F048', ''),
('BE15F03F050', ''),
('BE15F03F051', ''),
('BE15F03F051', ''),
('BE15F03F052', ''),
('BE15F03F053', ''),
('BE15F03F054', ''),
('BE15F03F055', ''),
('BE15F03F055', ''),
('BE15F03F056', ''),
('BE15F03F058', ''),
('BE15F03F059', ''),
('BE15F03F060', ''),
('BE15F03F061', ''),
('BE15F03F064', ''),
('BE15F04F001', ''),
('BE15F04F002', ''),
('BE15F04F003', ''),
('BE15F04F004', ''),
('BE15F04F005', ''),
('BE15F04F006', ''),
('BE15F04F007', ''),
('BE15F04F008', ''),
('BE15F04F009', ''),
('BE15F04F010', ''),
('BE15F04F011', ''),
('BE15F04F012', ''),
('BE15F04F013', ''),
('BE15F04F015', ''),
('BE15F04F016', ''),
('BE15F04F017', ''),
('BE15F04F018', ''),
('BE15F04F019', ''),
('BE15F04F021', ''),
('BE15F04F022', ''),
('BE15F04F023', ''),
('BE15F04F024', ''),
('BE15F04F025', ''),
('BE15F04F026', ''),
('BE15F04F027', ''),
('BE15F04F028', ''),
('BE15F04F029', ''),
('BE15F04F030', ''),
('BE15F04F031', ''),
('BE15F04F032', ''),
('BE15F04F033', ''),
('BE15F04F034', ''),
('BE15F04F035', ''),
('BE15F04F036', ''),
('BE15F04F037', ''),
('BE15F04F038', ''),
('BE15F04F039', ''),
('BE15F04F040', ''),
('BE15F04F041', ''),
('BE15F04F042', ''),
('BE15F04F043', ''),
('BE15F04F044', ''),
('BE15F04F045', ''),
('BE15F04F046', ''),
('BE15F04F047', ''),
('BE15F04F048', ''),
('BE15F04F049', ''),
('BE15F04F050', ''),
('BE15F04F051', ''),
('BE15F04F052', ''),
('BE15F04F054', ''),
('BE15F04F055', ''),
('BE15F04F056', ''),
('BE15F04F059', ''),
('BE15F04F060', ''),
('BE15F04F061', ''),
('BE15F04F062', ''),
('BE15F04F063', ''),
('BE15F04F064', ''),
('BE15F05F001', ''),
('BE15F05F002', ''),
('BE15F05F003', ''),
('BE15F05F004', ''),
('BE15F05F005', ''),
('BE15F05F006', ''),
('BE15F05F007', ''),
('BE15F05F008', ''),
('BE15F05F009', ''),
('BE15F05F010', ''),
('BE15F05F011', ''),
('BE15F05F012', ''),
('BE15F05F013', ''),
('BE15F05F014', ''),
('BE15F05F015', ''),
('BE15F05F016', ''),
('BE15F05F017', ''),
('BE15F05F018', ''),
('BE15F05F019', ''),
('BE15F05F020', ''),
('BE15F05F021', ''),
('BE15F05F022', ''),
('BE15F05F024', ''),
('BE15F05F025', ''),
('BE15F05F026', ''),
('BE15F05F027', ''),
('BE15F05F028', ''),
('BE15F05F029', ''),
('BE15F05F030', ''),
('BE15F05F031', ''),
('BE15F05F032', ''),
('BE15F05F033', ''),
('BE15F05F034', ''),
('BE15F05F035', ''),
('BE15F05F036', ''),
('BE15F05F037', ''),
('BE15F05F038', ''),
('BE15F05F039', ''),
('BE15F05F040', ''),
('BE15F05F041', ''),
('BE15F05F042', ''),
('BE15F05F043', ''),
('BE15F05F044', ''),
('BE15F05F046', ''),
('BE15F05F047', ''),
('BE15F05F048', ''),
('BE15F05F049', ''),
('BE15F05F050', ''),
('BE15F05F051', ''),
('BE15F05F052', ''),
('BE15F05F053', ''),
('BE15F05F054', ''),
('BE15F05F055', ''),
('BE15F05F056', ''),
('BE15F05F057', ''),
('BE15F05F058', ''),
('BE15F05F061', ''),
('BE15F05F064', ''),
('BE15F05F065', ''),
('BE15F05F066', ''),
('BE15F06F001', ''),
('BE15F06F002', ''),
('BE15F06F004', ''),
('BE15F06F006', ''),
('BE15F06F007', ''),
('BE15F06F008', ''),
('BE15F06F010', ''),
('BE15F06F011', ''),
('BE15F06F013', ''),
('BE15F06F014', ''),
('BE15F06F016', ''),
('BE15F06F017', ''),
('BE15F06F018', ''),
('BE15F06F019', ''),
('BE15F06F021', ''),
('BE15F06F022', ''),
('BE15F06F023', ''),
('BE15F06F024', ''),
('BE15F06F025', ''),
('BE15F06F026', ''),
('BE15F06F027', ''),
('BE15F06F028', ''),
('BE15F06F029', ''),
('BE15F06F030', ''),
('BE15F06F031', ''),
('BE15F06F032', ''),
('BE15F06F033', ''),
('BE15F06F035', ''),
('BE15F06F036', ''),
('BE15F06F037', ''),
('BE15F06F038', ''),
('BE15F06F039', ''),
('BE15F06F041', ''),
('BE15F06F042', ''),
('BE15F06F043', ''),
('BE15F06F044', ''),
('BE15F06F045', ''),
('BE15F06F046', ''),
('BE15F06F047', ''),
('BE15F06F048', ''),
('BE15F06F049', ''),
('BE15F06F049', ''),
('BE15F06F050', ''),
('BE15F06F051', ''),
('BE15F06F052', ''),
('BE15F06F053', ''),
('BE15F06F054', ''),
('BE15F06F055', ''),
('BE15F06F056', ''),
('BE15F06F057', ''),
('BE15F06F059', ''),
('BE15F06F061', ''),
('BE15F06F062', ''),
('BE15S01F001', ''),
('BE15S01F002', ''),
('BE15S01F003', ''),
('BE15S01F004', ''),
('BE15S01F005', ''),
('BE15S01F006', ''),
('BE15S01F007', ''),
('BE15S01F008', ''),
('BE15S01F009', ''),
('BE15S01F010', ''),
('BE15S01F011', ''),
('BE15S01F012', ''),
('BE15S02F001', ''),
('BE15S02F002', ''),
('BE15S02F003', ''),
('BE15S02F004', ''),
('BE15S02F005', ''),
('BE15S02F006', ''),
('BE15S02F007', ''),
('BE15S02F008', ''),
('BE15S02F009', ''),
('BE15S02F010', ''),
('BE15S02F011', ''),
('BE15S02F012', ''),
('BE15S03F001', ''),
('BE15S03F002', ''),
('BE15S03F003', ''),
('BE15S03F004', ''),
('BE15S03F005', ''),
('BE15S03F006', ''),
('BE15S03F007', ''),
('BE15S03F008', ''),
('BE15S03F009', ''),
('BE15S03F010', ''),
('BE15S03F012', ''),
('BE15S04F001', ''),
('BE15S04F002', ''),
('BE15S04F003', ''),
('BE15S04F004', ''),
('BE15S04F005', ''),
('BE15S04F006', ''),
('BE15S04F007', ''),
('BE15S04F008', ''),
('BE15S04F009', ''),
('BE15S04F010', ''),
('BE15S04F011', ''),
('BE15S04F012', ''),
('BE15S04F013', ''),
('BE15S05F001', ''),
('BE15S05F002', ''),
('BE15S05F003', ''),
('BE15S05F005', ''),
('BE15S05F006', ''),
('BE15S05F007', ''),
('BE15S05F008', ''),
('BE15S05F009', ''),
('BE15S05F010', ''),
('BE15S05F011', ''),
('BE15S05F012', ''),
('BE15S06F001', ''),
('BE15S06F002', ''),
('BE15S06F003', ''),
('BE15S06F004', ''),
('BE15S06F005', ''),
('BE15S06F006', ''),
('BE15S06F007', ''),
('BE15S06F008', ''),
('BE15S06F009', ''),
('BE15S06F010', ''),
('BE15S06F011', ''),
('BE15S06F012', ''),
('BE16F01F001', ''),
('BE16F01F002', ''),
('BE16F01F003', ''),
('BE16F01F004', ''),
('BE16F01F005', ''),
('BE16F01F006', ''),
('BE16F01F007', ''),
('BE16F01F008', ''),
('BE16F01F009', ''),
('BE16F01F010', ''),
('BE16F01F011', ''),
('BE16F01F012', ''),
('BE16F01F013', ''),
('BE16F01F014', ''),
('BE16F01F015', ''),
('BE16F01F016', ''),
('BE16F01F017', ''),
('BE16F01F018', ''),
('BE16F01F019', ''),
('BE16F01F020', ''),
('BE16F01F021', ''),
('BE16F01F022', ''),
('BE16F01F023', ''),
('BE16F01F024', ''),
('BE16F01F025', ''),
('BE16F01F026', ''),
('BE16F01F027', ''),
('BE16F01F028', ''),
('BE16F01F029', ''),
('BE16F01F030', ''),
('BE16F01F031', ''),
('BE16F01F032', ''),
('BE16F01F033', ''),
('BE16F01F034', ''),
('BE16F01F035', ''),
('BE16F01F036', ''),
('BE16F01F037', ''),
('BE16F01F038', ''),
('BE16F01F039', ''),
('BE16F01F040', ''),
('BE16F01F041', ''),
('BE16F01F042', ''),
('BE16F01F043', ''),
('BE16F01F044', ''),
('BE16F01F045', ''),
('BE16F01F046', ''),
('BE16F01F047', ''),
('BE16F01F048', ''),
('BE16F01F049', ''),
('BE16F01F050', ''),
('BE16F01F051', ''),
('BE16F01F052', ''),
('BE16F01F053', ''),
('BE16F01F054', ''),
('BE16F01F055', ''),
('BE16F01F056', ''),
('BE16F01F057', ''),
('BE16F01F058', ''),
('BE16F01F059', ''),
('BE16F01F060', ''),
('BE16F01F061', ''),
('BE16F01F062', ''),
('BE16F01F063', ''),
('BE16F01F064', ''),
('BE16F01F065', ''),
('BE16F02F001', ''),
('BE16F02F002', ''),
('BE16F02F003', ''),
('BE16F02F004', ''),
('BE16F02F005', ''),
('BE16F02F006', ''),
('BE16F02F007', ''),
('BE16F02F008', ''),
('BE16F02F009', ''),
('BE16F02F010', ''),
('BE16F02F011', ''),
('BE16F02F012', ''),
('BE16F02F013', ''),
('BE16F02F014', ''),
('BE16F02F015', ''),
('BE16F02F016', ''),
('BE16F02F017', ''),
('BE16F02F018', ''),
('BE16F02F019', ''),
('BE16F02F020', ''),
('BE16F02F021', ''),
('BE16F02F022', ''),
('BE16F02F023', ''),
('BE16F02F024', ''),
('BE16F02F025', ''),
('BE16F02F026', ''),
('BE16F02F027', ''),
('BE16F02F028', ''),
('BE16F02F029', ''),
('BE16F02F030', ''),
('BE16F02F031', ''),
('BE16F02F032', ''),
('BE16F02F033', ''),
('BE16F02F034', ''),
('BE16F02F035', ''),
('BE16F02F036', ''),
('BE16F02F037', ''),
('BE16F02F038', ''),
('BE16F02F039', ''),
('BE16F02F040', ''),
('BE16F02F041', ''),
('BE16F02F042', ''),
('BE16F02F043', ''),
('BE16F02F044', ''),
('BE16F02F045', ''),
('BE16F02F046', ''),
('BE16F02F047', ''),
('BE16F02F048', ''),
('BE16F02F049', ''),
('BE16F02F050', ''),
('BE16F02F051', ''),
('BE16F02F052', ''),
('BE16F02F053', ''),
('BE16F02F054', ''),
('BE16F02F055', ''),
('BE16F02F056', ''),
('BE16F02F057', ''),
('BE16F02F058', ''),
('BE16F02F059', ''),
('BE16F02F060', ''),
('BE16F02F061', ''),
('BE16F02F062', ''),
('BE16F02F063', ''),
('BE16F02F064', ''),
('BE16F02F065', ''),
('BE16F02F066', ''),
('BE16F02F067', ''),
('BE16F02F068', ''),
('BE16F03F001', ''),
('BE16F03F002', ''),
('BE16F03F003', ''),
('BE16F03F004', ''),
('BE16F03F005', ''),
('BE16F03F006', ''),
('BE16F03F007', ''),
('BE16F03F008', ''),
('BE16F03F009', ''),
('BE16F03F010', ''),
('BE16F03F011', ''),
('BE16F03F012', ''),
('BE16F03F013', ''),
('BE16F03F014', ''),
('BE16F03F015', ''),
('BE16F03F016', ''),
('BE16F03F017', ''),
('BE16F03F018', ''),
('BE16F03F019', ''),
('BE16F03F020', ''),
('BE16F03F021', ''),
('BE16F03F022', ''),
('BE16F03F023', ''),
('BE16F03F024', ''),
('BE16F03F025', ''),
('BE16F03F026', ''),
('BE16F03F027', ''),
('BE16F03F028', ''),
('BE16F03F029', ''),
('BE16F03F030', ''),
('BE16F03F031', ''),
('BE16F03F032', ''),
('BE16F03F033', ''),
('BE16F03F034', ''),
('BE16F03F035', ''),
('BE16F03F036', ''),
('BE16F03F037', ''),
('BE16F03F038', ''),
('BE16F03F039', ''),
('BE16F03F040', ''),
('BE16F03F041', ''),
('BE16F03F042', ''),
('BE16F03F043', ''),
('BE16F03F044', ''),
('BE16F03F045', ''),
('BE16F03F046', ''),
('BE16F03F047', ''),
('BE16F03F048', ''),
('BE16F03F049', ''),
('BE16F03F050', ''),
('BE16F03F051', ''),
('BE16F03F052', ''),
('BE16F03F053', ''),
('BE16F03F054', ''),
('BE16F03F055', ''),
('BE16F03F056', ''),
('BE16F03F057', ''),
('BE16F03F058', ''),
('BE16F03F059', ''),
('BE16F03F060', ''),
('BE16F03F061', ''),
('BE16F03F062', ''),
('BE16F03F063', ''),
('BE16F03F064', ''),
('BE16F04F001', ''),
('BE16F04F002', ''),
('BE16F04F003', ''),
('BE16F04F004', ''),
('BE16F04F005', ''),
('BE16F04F006', ''),
('BE16F04F007', ''),
('BE16F04F008', ''),
('BE16F04F009', ''),
('BE16F04F010', ''),
('BE16F04F011', ''),
('BE16F04F012', ''),
('BE16F04F013', ''),
('BE16F04F014', ''),
('BE16F04F015', ''),
('BE16F04F016', ''),
('BE16F04F017', ''),
('BE16F04F018', ''),
('BE16F04F019', ''),
('BE16F04F020', ''),
('BE16F04F021', ''),
('BE16F04F022', ''),
('BE16F04F023', ''),
('BE16F04F024', ''),
('BE16F04F025', ''),
('BE16F04F026', ''),
('BE16F04F027', ''),
('BE16F04F028', ''),
('BE16F04F029', ''),
('BE16F04F030', ''),
('BE16F04F031', ''),
('BE16F04F032', ''),
('BE16F04F033', ''),
('BE16F04F034', ''),
('BE16F04F035', ''),
('BE16F04F036', ''),
('BE16F04F037', ''),
('BE16F04F038', ''),
('BE16F04F039', ''),
('BE16F04F040', ''),
('BE16F04F041', ''),
('BE16F04F042', ''),
('BE16F04F043', ''),
('BE16F04F044', ''),
('BE16F04F045', ''),
('BE16F04F046', ''),
('BE16F04F047', ''),
('BE16F04F048', ''),
('BE16F04F049', ''),
('BE16F04F050', ''),
('BE16F04F051', ''),
('BE16F04F052', ''),
('BE16F04F053', ''),
('BE16F04F054', ''),
('BE16F04F055', ''),
('BE16F04F056', ''),
('BE16F04F057', ''),
('BE16F04F058', ''),
('BE16F04F059', ''),
('BE16F04F060', ''),
('BE16F04F061', ''),
('BE16F04F062', ''),
('BE16F04F063', ''),
('BE16F04F064', ''),
('BE16F05F001', ''),
('BE16F05F002', ''),
('BE16F05F003', ''),
('BE16F05F004', ''),
('BE16F05F005', ''),
('BE16F05F006', ''),
('BE16F05F007', ''),
('BE16F05F008', ''),
('BE16F05F009', ''),
('BE16F05F010', ''),
('BE16F05F011', ''),
('BE16F05F012', ''),
('BE16F05F013', ''),
('BE16F05F014', ''),
('BE16F05F015', ''),
('BE16F05F016', ''),
('BE16F05F017', ''),
('BE16F05F018', ''),
('BE16F05F019', ''),
('BE16F05F020', ''),
('BE16F05F021', ''),
('BE16F05F022', ''),
('BE16F05F023', ''),
('BE16F05F024', ''),
('BE16F05F025', ''),
('BE16F05F026', ''),
('BE16F05F027', ''),
('BE16F05F028', ''),
('BE16F05F029', ''),
('BE16F05F030', ''),
('BE16F05F031', ''),
('BE16F05F032', ''),
('BE16F05F033', ''),
('BE16F05F034', ''),
('BE16F05F035', ''),
('BE16F05F036', ''),
('BE16F05F037', ''),
('BE16F05F038', ''),
('BE16F05F039', ''),
('BE16F05F040', ''),
('BE16F05F041', ''),
('BE16F05F042', ''),
('BE16F05F043', ''),
('BE16F05F044', ''),
('BE16F05F045', ''),
('BE16F05F046', ''),
('BE16F05F047', ''),
('BE16F05F048', ''),
('BE16F05F049', ''),
('BE16F05F050', ''),
('BE16F05F051', ''),
('BE16F05F052', ''),
('BE16F05F053', ''),
('BE16F05F054', ''),
('BE16F05F055', ''),
('BE16F05F056', ''),
('BE16F05F057', ''),
('BE16F05F058', ''),
('BE16F05F059', ''),
('BE16F05F060', ''),
('BE16F05F061', ''),
('BE16F05F062', ''),
('BE16F05F063', ''),
('BE16F05F064', ''),
('BE16F05F065', ''),
('BE16F06F001', ''),
('BE16F06F002', ''),
('BE16F06F003', ''),
('BE16F06F004', ''),
('BE16F06F005', ''),
('BE16F06F006', ''),
('BE16F06F007', ''),
('BE16F06F008', ''),
('BE16F06F009', ''),
('BE16F06F010', ''),
('BE16F06F011', ''),
('BE16F06F012', ''),
('BE16F06F013', ''),
('BE16F06F014', ''),
('BE16F06F015', ''),
('BE16F06F016', ''),
('BE16F06F017', ''),
('BE16F06F018', ''),
('BE16F06F019', ''),
('BE16F06F020', ''),
('BE16F06F021', ''),
('BE16F06F022', ''),
('BE16F06F023', ''),
('BE16F06F024', ''),
('BE16F06F025', ''),
('BE16F06F026', ''),
('BE16F06F027', ''),
('BE16F06F028', ''),
('BE16F06F029', ''),
('BE16F06F030', ''),
('BE16F06F031', ''),
('BE16F06F032', ''),
('BE16F06F033', ''),
('BE16F06F034', ''),
('BE16F06F035', ''),
('BE16F06F036', ''),
('BE16F06F037', ''),
('BE16F06F038', ''),
('BE16F06F039', ''),
('BE16F06F040', ''),
('BE16F06F041', ''),
('BE16F06F042', ''),
('BE16F06F043', ''),
('BE16F06F044', ''),
('BE16F06F045', ''),
('BE16F06F046', ''),
('BE16F06F047', ''),
('BE16F06F048', ''),
('BE16F06F049', ''),
('BE16F06F050', ''),
('BE16F06F051', ''),
('BE16F06F052', ''),
('BE16F06F053', ''),
('BE16F06F054', ''),
('BE16F06F055', ''),
('BE16F06F056', ''),
('BE16F06F057', ''),
('BE16F06F058', ''),
('BE16F06F059', ''),
('BE16F06F060', ''),
('BE16F06F061', ''),
('BE16F06F062', ''),
('BE16F06F063', ''),
('Enollment N', ''),
('Enollment N', ''),
('Enollment N', ''),
('Enollment N', ''),
('Enollment N', ''),
('Enrollement', ''),
('Enrollement', ''),
('Enrollement', ''),
('Enrollement', ''),
('Enrollement', ''),
('Enrollement', ''),
('Enrollement', ''),
('Enrollement', ''),
('Enrollement', ''),
('Enrollement', ''),
('Enrollement', ''),
('Enrollement', ''),
('Enrollement', ''),
('Enrollment ', ''),
('Enrollment ', ''),
('Enrollment ', ''),
('Enrollment ', ''),
('Enrollment ', ''),
('Enrollment ', ''),
('Enrollment ', ''),
('Enrollment ', ''),
('Enrollment ', ''),
('MC14F14F001', ''),
('MC14F14F002', ''),
('MC14F14F003', ''),
('MC14F14F004', ''),
('MC14F14F005', ''),
('MC14F14F006', ''),
('MC14F14F008', ''),
('MC14F14F009', ''),
('MC14F14F010', ''),
('MC14F14F012', ''),
('MC14F14F014', ''),
('MC14F14F015', ''),
('MC14F14F017', ''),
('MC14F14F018', ''),
('MC14F14F019', ''),
('MC14F14F020', ''),
('MC14F14F021', ''),
('MC14F14F022', ''),
('MC14F14F023', ''),
('MC14F14F024', ''),
('MC14F14F025', ''),
('MC14F14F026', ''),
('MC14F14F027', ''),
('MC14F14F029', ''),
('MC14F14F030', ''),
('MC14F14F031', ''),
('MC14F14F032', ''),
('MC14F14F033', ''),
('MC14F14F034', ''),
('MC14F14F036', ''),
('MC14F14F037', ''),
('MC14F14F038', ''),
('MC14F14F039', ''),
('MC14F14F041', ''),
('MC14F14F042', ''),
('MC14F14F043', ''),
('MC14F14F046', ''),
('MC14F14F047', ''),
('MC14F14F048', ''),
('MC14F14F049', ''),
('MC14F14F050', ''),
('MC14F14F051', ''),
('MC14F14F052', ''),
('MC14F14F053', ''),
('MC14F14F054', ''),
('MC14F14F056', ''),
('MC14F14F058', ''),
('MC14F14F059', ''),
('MC14F14F060', ''),
('MC15F14F001', ''),
('MC15F14F002', ''),
('MC15F14F004', ''),
('MC15F14F005', ''),
('MC15F14F007', ''),
('MC15F14F008', ''),
('MC15F14F009', ''),
('MC15F14F010', ''),
('MC15F14F011', ''),
('MC15F14F013', ''),
('MC15F14F014', ''),
('MC15F14F015', ''),
('MC15F14F016', ''),
('MC15F14F017', ''),
('MC15F14F019', ''),
('MC15F14F020', ''),
('MC15F14F021', ''),
('MC15F14F022', ''),
('MC15F14F023', ''),
('MC15F14F024', ''),
('MC15F14F025', ''),
('MC15F14F026', ''),
('MC15F14F028', ''),
('MC15F14F030', ''),
('MC15F14F034', ''),
('MC15F14F035', ''),
('MC15F14F036', ''),
('MC15F14F037', ''),
('MC15F14F038', ''),
('MC15F14F040', ''),
('MC15F14F041', ''),
('MC15F14F042', ''),
('MC15F14F043', ''),
('MC15F14F045', ''),
('MC15F14F046', ''),
('MC15F14F047', ''),
('MC15F14F048', ''),
('MC15F14F050', ''),
('MC15F14F051', ''),
('MC15F14F052', ''),
('MC15F14F053', ''),
('MC15F14F054', ''),
('MC15F14F055', ''),
('MC15F14F057', ''),
('MC15F14F058', ''),
('MC15F14F059', ''),
('MC16F14F001', ''),
('MC16F14F002', ''),
('MC16F14F003', ''),
('MC16F14F004', ''),
('MC16F14F005', ''),
('MC16F14F006', ''),
('MC16F14F007', ''),
('MC16F14F008', ''),
('MC16F14F009', ''),
('MC16F14F010', ''),
('MC16F14F011', ''),
('MC16F14F012', ''),
('MC16F14F013', ''),
('MC16F14F014', ''),
('MC16F14F015', ''),
('MC16F14F016', ''),
('MC16F14F017', ''),
('MC16F14F018', ''),
('MC16F14F019', ''),
('MC16F14F020', ''),
('MC16F14F021', ''),
('MC16F14F022', ''),
('MC16F14F023', ''),
('MC16F14F024', ''),
('MC16F14F025', ''),
('MC16F14F026', ''),
('MC16F14F027', ''),
('MC16F14F028', ''),
('MC16F14F029', ''),
('MC16F14F030', ''),
('MC16F14F031', ''),
('MC16F14F032', ''),
('MC16F14F033', ''),
('MC16F14F034', ''),
('MC16F14F035', ''),
('MC16F14F036', ''),
('MC16F14F037', ''),
('MC16F14F038', ''),
('MC16F14F039', ''),
('MC16F14F040', ''),
('MC16F14F041', ''),
('MC16F14F042', ''),
('MC16F14F043', ''),
('MC16F14F044', ''),
('MC16F14F045', ''),
('MC16F14F046', ''),
('MC16F14F047', ''),
('MC16F14F048', ''),
('MC16F14F049', ''),
('MC16F14F050', ''),
('MC16F14F051', ''),
('MC16F14F052', ''),
('MC16F14F053', ''),
('MC16F14F054', ''),
('MC16F14F055', ''),
('MC16F14F056', ''),
('MC16F14F057', ''),
('MC16F14F058', ''),
('MC16F14F059', ''),
('MC16F14F060', ''),
('ME15100070', ''),
('ME15100081', ''),
('ME15100500', ''),
('ME15100590', ''),
('ME15100604', ''),
('ME15100613', ''),
('ME15100657', ''),
('ME15100775', ''),
('ME15100800', ''),
('ME15100970', ''),
('ME15101003', ''),
('ME15101149', ''),
('ME15101356', ''),
('ME15101375', ''),
('ME15101411', ''),
('ME15101623', ''),
('ME15101864', ''),
('ME15101910', ''),
('ME15102189', ''),
('ME15102558', ''),
('ME15102583', ''),
('ME15102605', ''),
('ME15102785', ''),
('ME15102810', ''),
('ME15103087', ''),
('ME15103397', ''),
('ME15103410', ''),
('ME15103443', ''),
('ME15103496', ''),
('ME15103644', ''),
('ME15103753', ''),
('ME15103755', ''),
('ME15103923', ''),
('ME15103961', ''),
('ME15104051', ''),
('ME15104364', ''),
('ME15104839', ''),
('ME15104855', ''),
('ME15104862', ''),
('ME15104897', ''),
('ME15104901', ''),
('ME15104940', ''),
('ME15105412', ''),
('ME15105560', ''),
('ME15105592', ''),
('ME15105851', ''),
('ME15106291', ''),
('ME15106465', ''),
('ME15106492', ''),
('ME15106984', ''),
('ME15107211', ''),
('ME15107231', ''),
('ME15107241', ''),
('ME15107373', ''),
('ME15107378', ''),
('ME15107590', ''),
('ME15107983', ''),
('ME15108186', ''),
('ME15108385', ''),
('ME15108513', ''),
('ME15108606', ''),
('ME15108616', ''),
('ME15108705', ''),
('ME15109040', ''),
('ME15109055', ''),
('ME15109145', ''),
('ME15109413', ''),
('ME15109464', ''),
('ME15109579', ''),
('ME15109946', ''),
('ME15110147', ''),
('ME15110220', ''),
('ME15110341', ''),
('ME15110951', ''),
('ME15110980', ''),
('ME15111159', ''),
('ME15111184', ''),
('ME15111227', ''),
('ME15111774', ''),
('ME15112164', ''),
('ME15112288', ''),
('ME15112309', ''),
('ME15112323', ''),
('ME15112346', ''),
('ME15112589', ''),
('ME15113236', ''),
('ME15114747', ''),
('ME15F08F001', ''),
('ME15F08F002', ''),
('ME15F08F003', ''),
('ME15F08F004', ''),
('ME15F08F005', ''),
('ME15F08F006', ''),
('ME15F08F007', ''),
('ME15F08F009', ''),
('ME15F08F010', ''),
('ME15F08F011', ''),
('ME15F08F012', ''),
('ME15F08F013', ''),
('ME15F08F014', ''),
('ME15F08F015', ''),
('ME15F08F016', ''),
('ME15F08F017', ''),
('ME15F08F018', ''),
('ME16F05F001', ''),
('ME16F05F002', ''),
('ME16F05F003', ''),
('ME16F05F004', ''),
('ME16F05F005', ''),
('ME16F05F006', ''),
('ME16F05F007', ''),
('ME16F05F008', ''),
('ME16F05F009', ''),
('ME16F05F010', ''),
('ME16F05F011', ''),
('ME16F05F012', ''),
('ME16F05F013', ''),
('ME16F05F014', ''),
('ME16F05F015', ''),
('ME16F05F016', ''),
('ME16F05F017', ''),
('ME16F08F001', ''),
('ME16F08F002', ''),
('ME16F08F003', ''),
('ME16F08F004', ''),
('ME16F08F005', ''),
('ME16F08F006', ''),
('ME16F08F007', ''),
('ME16F08F007', ''),
('ME16F08F008', ''),
('ME16F08F009', ''),
('ME16F08F010', ''),
('ME16F08F011', ''),
('ME16F08F012', ''),
('ME16F08F013', ''),
('ME16F08F014', ''),
('ME16F08F015', ''),
('ME16F08F016', ''),
('ME16F09F001', ''),
('ME16F09F002', ''),
('ME16F09F003', ''),
('ME16F09F004', ''),
('ME16F09F005', ''),
('ME16F09F006', ''),
('ME16F09F007', ''),
('ME16F09F008', ''),
('ME16F09F009', ''),
('ME16F09F010', ''),
('ME16F09F011', ''),
('ME16F09F012', ''),
('ME16F09F013', ''),
('ME16F09F014', ''),
('ME16F09F015', ''),
('ME16F09F016', ''),
('ME16F09F017', ''),
('ME16F09F018', ''),
('ME16F11F001', ''),
('ME16F11F002', ''),
('ME16F11F003', ''),
('ME16F11F004', ''),
('ME16F11F005', ''),
('ME16F11F006', ''),
('ME16F11F007', ''),
('ME16F11F008', ''),
('ME16F11F009', ''),
('ME16F11F010', ''),
('ME16F11F011', ''),
('ME16F11F012', ''),
('ME16F11F013', ''),
('ME16F11F014', ''),
('ME16F11F015', ''),
('ME16F11F016', ''),
('ME16F11F017', ''),
('ME16F11F018', ''),
('ME16F12F001', ''),
('ME16F12F002', ''),
('ME16F12F003', ''),
('ME16F12F004', ''),
('ME16F12F005', ''),
('ME16F12F006', ''),
('ME16F12F007', ''),
('ME16F12F008', ''),
('ME16F12F009', ''),
('ME16F12F010', ''),
('ME16F12F011', ''),
('ME16F12F012', ''),
('ME16F12F013', ''),
('ME16F12F014', ''),
('ME16F12F015', ''),
('ME16F12F016', ''),
('ME16F12F017', ''),
('ME16F12F018', ''),
('ME16F13F001', ''),
('ME16F13F002', ''),
('ME16F13F003', ''),
('ME16F13F004', ''),
('ME16F13F005', ''),
('ME16F13F006', ''),
('ME16F13F007', ''),
('ME16F13F008', ''),
('ME16F13F009', ''),
('ME16F13F010', ''),
('ME16F13F011', ''),
('ME16F13F012', ''),
('ME16F13F013', ''),
('ME16F13F014', ''),
('ME16F13F015', ''),
('ME16F13F016', ''),
('ME16F13F017', ''),
('ME16F13F018', ''),
('ME16F15F001', ''),
('ME16F15F002', ''),
('ME16F15F003', ''),
('ME16F15F004', ''),
('ME16F15F005', ''),
('ME16F15F006', ''),
('ME16F15F007', ''),
('ME16F15F008', ''),
('ME16F15F009', ''),
('ME16F15F010', ''),
('ME16F15F011', ''),
('ME16F15F012', ''),
('ME16F15F013', ''),
('ME16F15F014', ''),
('ME16F15F015', ''),
('', ''),
('', ''),
('', ''),
('', ''),
('', ''),
('', ''),
('', ''),
('', ''),
('', ''),
('', ''),
('', ''),
('', ''),
('', ''),
('', ''),
('', ''),
('', ''),
('', ''),
('', ''),
('', ''),
('', ''),
('', ''),
('', ''),
('', ''),
('', ''),
('', ''),
('', ''),
('', ''),
('', ''),
('', ''),
('', ''),
('', ''),
('', ''),
('', ''),
('', ''),
('', ''),
('', ''),
('', ''),
('', ''),
('', ''),
('', ''),
('', ''),
('', ''),
('', ''),
('', ''),
('', ''),
('', ''),
('', ''),
('', ''),
('', ''),
('', ''),
('', ''),
('', ''),
('', ''),
('', ''),
('', ''),
('', ''),
('', ''),
('', ''),
('', ''),
('', ''),
('', ''),
('', ''),
('', ''),
('', ''),
('', ''),
('', ''),
('', ''),
('', ''),
('', ''),
('', ''),
('', ''),
('', ''),
('', ''),
('', ''),
('', ''),
('', ''),
('', ''),
('', ''),
('', ''),
('', ''),
('', ''),
('', ''),
('', ''),
('', ''),
('', ''),
('', ''),
('', ''),
('', ''),
('', ''),
('', ''),
('', ''),
('', ''),
('', ''),
('', ''),
('', ''),
('', ''),
('', ''),
('', ''),
('', ''),
('', ''),
('', ''),
('', ''),
('', ''),
('', ''),
('', ''),
('', ''),
('', ''),
('', ''),
('', ''),
('', ''),
('', ''),
('', ''),
('', ''),
('', ''),
('', ''),
('', ''),
('', ''),
('', ''),
('', ''),
('', ''),
('', ''),
('', ''),
('', ''),
('', ''),
('', ''),
('', ''),
('', ''),
('', ''),
('', ''),
('', ''),
('', '');

-- --------------------------------------------------------

--
-- Table structure for table `skills`
--

CREATE TABLE `skills` (
  `userId` varchar(11) NOT NULL,
  `userName` varchar(30) NOT NULL,
  `future` longtext,
  `web` int(11) DEFAULT NULL,
  `app` int(11) DEFAULT NULL,
  `photoshop` int(11) DEFAULT NULL,
  `animation` int(11) DEFAULT NULL,
  `networking` int(11) DEFAULT NULL,
  `autocad` int(11) DEFAULT NULL,
  `katia` int(11) DEFAULT NULL,
  `PHP` int(11) DEFAULT NULL,
  `Video` int(11) DEFAULT NULL,
  `CNC` int(11) DEFAULT NULL,
  `proe` int(11) DEFAULT NULL,
  `Hypermesh` int(11) DEFAULT NULL,
  `KEIL` int(11) DEFAULT NULL,
  `Maxwell` int(11) DEFAULT NULL,
  `FEMM` int(11) DEFAULT NULL,
  `Arduino` int(11) DEFAULT NULL,
  `Rassberry` int(11) DEFAULT NULL,
  `robocon` int(11) DEFAULT NULL,
  `hightech` varchar(256) DEFAULT NULL,
  `Photo` int(11) DEFAULT NULL,
  `acting` int(11) DEFAULT NULL,
  `dance` int(11) DEFAULT NULL,
  `ankering` int(11) DEFAULT NULL,
  `singing` int(11) DEFAULT NULL,
  `drama` int(11) DEFAULT NULL,
  `writing` int(11) DEFAULT NULL,
  `poetry` int(11) DEFAULT NULL,
  `drawing` int(11) DEFAULT NULL,
  `decoration` int(11) DEFAULT NULL,
  `painting` int(11) DEFAULT NULL,
  `highcult` varchar(256) DEFAULT NULL,
  `cricket` int(11) DEFAULT NULL,
  `badminton` int(11) DEFAULT NULL,
  `football` int(11) DEFAULT NULL,
  `chess` int(11) DEFAULT NULL,
  `basketball` int(11) DEFAULT NULL,
  `kabbadi` int(11) DEFAULT NULL,
  `vollyball` int(11) DEFAULT NULL,
  `highsports` varchar(256) DEFAULT NULL,
  `rankgather` varchar(256) DEFAULT NULL,
  `whygather` varchar(256) DEFAULT NULL,
  `rankwings` varchar(256) DEFAULT NULL,
  `whywing` varchar(256) DEFAULT NULL,
  `ranksport` varchar(256) DEFAULT NULL,
  `whysport` varchar(256) DEFAULT NULL,
  `leader` int(11) DEFAULT NULL,
  `member` int(11) DEFAULT NULL,
  `sat` int(11) DEFAULT NULL,
  `baja` int(11) DEFAULT NULL,
  `tnp` int(11) DEFAULT NULL,
  `ecell` int(11) DEFAULT NULL,
  `supra` int(11) DEFAULT NULL
) ENGINE=InnoDB DEFAULT CHARSET=utf8;

--
-- Dumping data for table `skills`
--

INSERT INTO `skills` (`userId`, `userName`, `future`, `web`, `app`, `photoshop`, `animation`, `networking`, `autocad`, `katia`, `PHP`, `Video`, `CNC`, `proe`, `Hypermesh`, `KEIL`, `Maxwell`, `FEMM`, `Arduino`, `Rassberry`, `robocon`, `hightech`, `Photo`, `acting`, `dance`, `ankering`, `singing`, `drama`, `writing`, `poetry`, `drawing`, `decoration`, `painting`, `highcult`, `cricket`, `badminton`, `football`, `chess`, `basketball`, `kabbadi`, `vollyball`, `highsports`, `rankgather`, `whygather`, `rankwings`, `whywing`, `ranksport`, `whysport`, `leader`, `member`, `sat`, `baja`, `tnp`, `ecell`, `supra`) VALUES
('$enroll', '$name', NULL, NULL, NULL, NULL, NULL, NULL, NULL, NULL, NULL, NULL, NULL, NULL, NULL, NULL, NULL, NULL, NULL, NULL, NULL, 'NULL', NULL, NULL, NULL, NULL, NULL, NULL, NULL, NULL, NULL, NULL, NULL, 'NULL', NULL, NULL, NULL, NULL, NULL, NULL, NULL, 'NULL', 'NULL', 'NULL', 'NULL', 'NULL', 'NULL', 'NULL', NULL, NULL, NULL, NULL, NULL, NULL, NULL),
('be14f05f032', 'Ashwin k', NULL, NULL, NULL, NULL, NULL, NULL, NULL, NULL, NULL, NULL, NULL, NULL, NULL, NULL, NULL, NULL, NULL, NULL, NULL, 'NULL', NULL, NULL, NULL, NULL, NULL, NULL, NULL, NULL, NULL, NULL, NULL, 'NULL', NULL, NULL, NULL, NULL, NULL, NULL, NULL, 'NULL', 'NULL', 'NULL', 'NULL', 'NULL', 'NULL', 'NULL', NULL, NULL, NULL, NULL, NULL, NULL, NULL),
('be14f05f033', 'thirty three', NULL, 1, 1, NULL, NULL, 1, 1, NULL, 1, 1, NULL, NULL, NULL, NULL, NULL, 1, 1, NULL, NULL, 'NULL', NULL, NULL, NULL, NULL, NULL, NULL, NULL, NULL, NULL, NULL, NULL, 'NULL', NULL, NULL, NULL, NULL, NULL, NULL, 1, 'NULL', 'NULL', 'NULL', 'NULL', 'NULL', 'NULL', 'NULL', NULL, NULL, NULL, NULL, NULL, NULL, NULL),
('be15f05f001', 'the one', 'GATE,UPSC / MPSC,Masters,', 1, NULL, 1, NULL, NULL, NULL, NULL, 1, NULL, NULL, NULL, NULL, NULL, NULL, NULL, NULL, NULL, 1, 'tech', 1, NULL, NULL, 1, NULL, NULL, 1, NULL, NULL, NULL, NULL, 'cult', 1, 1, NULL, NULL, NULL, NULL, NULL, 'sportsman', '', 'its gathering', '1', 'just ', '', 'love sports', NULL, NULL, 1, NULL, NULL, NULL, NULL),
('be15f05f002', 'The twos', NULL, NULL, NULL, NULL, NULL, NULL, NULL, NULL, NULL, NULL, NULL, NULL, NULL, NULL, NULL, NULL, NULL, NULL, NULL, 'NULL', NULL, NULL, NULL, NULL, NULL, NULL, NULL, NULL, NULL, NULL, NULL, 'NULL', NULL, NULL, NULL, NULL, NULL, NULL, NULL, 'NULL', 'NULL', 'NULL', 'NULL', 'NULL', 'NULL', 'NULL', NULL, NULL, NULL, NULL, NULL, NULL, NULL),
('be15f05f003', 'the three', 'GATE,CAT,Job,', 1, NULL, NULL, NULL, NULL, NULL, NULL, 1, 1, NULL, NULL, NULL, NULL, NULL, NULL, NULL, NULL, NULL, 'tech', 1, 1, NULL, 1, 1, NULL, NULL, NULL, NULL, NULL, NULL, 'cult', 1, NULL, NULL, 1, NULL, NULL, NULL, 'sport', '', '', '1', '', '', '', NULL, NULL, 1, NULL, NULL, NULL, NULL),
('be15f05f005', 'five ove', NULL, 1, 1, NULL, NULL, NULL, NULL, NULL, 1, 1, NULL, NULL, NULL, NULL, NULL, NULL, NULL, NULL, 1, 'hacked u b4!', 1, 1, NULL, 1, 1, NULL, NULL, NULL, NULL, NULL, NULL, 'none', 1, 1, NULL, 1, NULL, 1, NULL, '', '', 'gath', '1', 'why', '', 'sport', NULL, NULL, 1, NULL, NULL, NULL, NULL),
('be15f05f006', 'Six Six', 'Other', 1, 1, 1, 1, 1, 1, 1, 1, 1, 1, 1, 1, 1, 1, 1, 1, 1, 1, '', 1, 1, 1, 1, 1, 1, 1, 1, 1, NULL, 1, '', 1, 1, 1, 1, 1, 1, 1, '', '', 'we ', '2', 'are ', '', 'are', 1, 1, 1, NULL, 1, NULL, 1),
('be15f05f007', 'sev ove', NULL, NULL, NULL, NULL, NULL, NULL, NULL, NULL, NULL, NULL, NULL, NULL, NULL, NULL, NULL, NULL, NULL, NULL, NULL, 'NULL', NULL, NULL, NULL, NULL, NULL, NULL, NULL, NULL, NULL, NULL, NULL, 'NULL', NULL, NULL, NULL, NULL, NULL, NULL, NULL, 'NULL', 'NULL', 'NULL', 'NULL', 'NULL', 'NULL', 'NULL', NULL, NULL, NULL, NULL, NULL, NULL, NULL),
('be15f05f008', 'Siddhesh Bhaleroa', NULL, NULL, NULL, NULL, NULL, NULL, NULL, NULL, NULL, NULL, NULL, NULL, NULL, NULL, NULL, NULL, NULL, NULL, NULL, 'NULL', NULL, NULL, NULL, NULL, NULL, NULL, NULL, NULL, NULL, NULL, NULL, 'NULL', NULL, NULL, NULL, NULL, NULL, NULL, NULL, 'NULL', 'NULL', 'NULL', 'NULL', 'NULL', 'NULL', 'NULL', NULL, NULL, NULL, NULL, NULL, NULL, NULL),
('be15f05f012', 'No name', NULL, NULL, NULL, NULL, NULL, NULL, NULL, NULL, NULL, NULL, NULL, NULL, NULL, NULL, NULL, NULL, NULL, NULL, NULL, 'NULL', NULL, NULL, NULL, NULL, NULL, NULL, NULL, NULL, NULL, NULL, NULL, 'NULL', NULL, NULL, NULL, NULL, NULL, NULL, NULL, 'NULL', 'NULL', 'NULL', 'NULL', 'NULL', 'NULL', 'NULL', NULL, NULL, NULL, NULL, NULL, NULL, NULL),
('be15f05f027', '27 Seven', NULL, NULL, NULL, NULL, NULL, NULL, NULL, NULL, NULL, NULL, NULL, NULL, NULL, NULL, NULL, NULL, NULL, NULL, NULL, 'NULL', NULL, NULL, NULL, NULL, NULL, NULL, NULL, NULL, NULL, NULL, NULL, 'NULL', NULL, NULL, NULL, NULL, NULL, NULL, NULL, 'NULL', 'NULL', 'NULL', 'NULL', 'NULL', 'NULL', 'NULL', NULL, NULL, NULL, NULL, NULL, NULL, NULL),
('be15f05f028', 'twenty eight', NULL, NULL, NULL, NULL, NULL, NULL, NULL, NULL, NULL, NULL, NULL, NULL, NULL, NULL, NULL, NULL, NULL, NULL, NULL, 'NULL', NULL, NULL, NULL, NULL, NULL, NULL, NULL, NULL, NULL, NULL, NULL, 'NULL', NULL, NULL, NULL, NULL, NULL, NULL, NULL, 'NULL', 'NULL', 'NULL', 'NULL', 'NULL', 'NULL', 'NULL', NULL, NULL, NULL, NULL, NULL, NULL, NULL),
('be15f05f029', 'twenty nine', NULL, NULL, NULL, NULL, NULL, NULL, NULL, NULL, NULL, NULL, NULL, NULL, NULL, NULL, NULL, NULL, NULL, NULL, NULL, 'NULL', NULL, NULL, NULL, NULL, NULL, NULL, NULL, NULL, NULL, NULL, NULL, 'NULL', NULL, NULL, NULL, NULL, NULL, NULL, NULL, 'NULL', 'NULL', 'NULL', 'NULL', 'NULL', 'NULL', 'NULL', NULL, NULL, NULL, NULL, NULL, NULL, NULL),
('be15f05f037', 'sevenn', NULL, NULL, NULL, NULL, NULL, NULL, NULL, NULL, NULL, NULL, NULL, NULL, NULL, NULL, NULL, NULL, NULL, NULL, NULL, 'NULL', NULL, NULL, NULL, NULL, NULL, NULL, NULL, NULL, NULL, NULL, NULL, 'NULL', NULL, NULL, NULL, NULL, NULL, NULL, NULL, 'NULL', 'NULL', 'NULL', 'NULL', 'NULL', 'NULL', 'NULL', NULL, NULL, NULL, NULL, NULL, NULL, NULL),
('be15f05f047', 'Ashish Bhau', NULL, NULL, NULL, NULL, NULL, NULL, NULL, NULL, NULL, NULL, NULL, NULL, NULL, NULL, NULL, NULL, NULL, NULL, NULL, 'NULL', NULL, NULL, NULL, NULL, NULL, NULL, NULL, NULL, NULL, NULL, NULL, 'NULL', NULL, NULL, NULL, NULL, NULL, NULL, NULL, 'NULL', 'NULL', 'NULL', 'NULL', 'NULL', 'NULL', 'NULL', NULL, NULL, NULL, NULL, NULL, NULL, NULL),
('BE15F06F001', 'Trial ktrial', NULL, NULL, NULL, NULL, NULL, NULL, NULL, NULL, NULL, NULL, NULL, NULL, NULL, NULL, NULL, NULL, NULL, NULL, NULL, 'NULL', NULL, NULL, NULL, NULL, NULL, NULL, NULL, NULL, NULL, NULL, NULL, 'NULL', NULL, NULL, NULL, NULL, NULL, NULL, NULL, 'NULL', 'NULL', 'NULL', 'NULL', 'NULL', 'NULL', 'NULL', NULL, NULL, NULL, NULL, NULL, NULL, NULL),
('Be15F06F011', 'Something', NULL, NULL, NULL, NULL, NULL, NULL, NULL, NULL, NULL, NULL, NULL, NULL, NULL, NULL, NULL, NULL, NULL, NULL, NULL, 'NULL', NULL, NULL, NULL, NULL, NULL, NULL, NULL, NULL, NULL, NULL, NULL, 'NULL', NULL, NULL, NULL, NULL, NULL, NULL, NULL, 'NULL', 'NULL', 'NULL', 'NULL', 'NULL', 'NULL', 'NULL', NULL, NULL, NULL, NULL, NULL, NULL, NULL);

-- --------------------------------------------------------

--
-- Table structure for table `users`
--

CREATE TABLE `users` (
  `userId` varchar(11) NOT NULL,
  `adminId` varchar(11) NOT NULL,
  `userName` varchar(30) NOT NULL,
  `Gender` varchar(6) NOT NULL,
  `userEmail` varchar(60) NOT NULL,
  `userPass` varchar(255) NOT NULL,
  `Skills` varchar(255) NOT NULL,
  `mobile` bigint(20) DEFAULT NULL,
  `academic_year` varchar(16) NOT NULL,
  `dob` varchar(255) NOT NULL,
  `state` text NOT NULL,
  `future` varchar(256) DEFAULT NULL,
  `sugg` varchar(1024) NOT NULL
) ENGINE=InnoDB DEFAULT CHARSET=utf8;

--
-- Dumping data for table `users`
--

INSERT INTO `users` (`userId`, `adminId`, `userName`, `Gender`, `userEmail`, `userPass`, `Skills`, `mobile`, `academic_year`, `dob`, `state`, `future`, `sugg`) VALUES
('be14f05f032', '', 'Ashwin k', 'Male', '', 'GNOF+yWvmyrfZ7G7Rm/3xzmxH2hbfxkMo+7zCdNz7qg=', 'Computer Science And Engineering', NULL, '', '', '', NULL, ''),
('be14f05f033', 'admin', 'thirty three', 'Male', 'three@mail.com', 'XnCOFXzvzFGHXS/GZ5kVEZ9PAE2N+oCeqydK87yGuwo=', 'Computer Science And Engineering', NULL, '', '', '', NULL, ''),
('be15f05f001', '', 'the one', 'Male', 'only1@gmail.com', 'XnCOFXzvzFGHXS/GZ5kVEZ9PAE2N+oCeqydK87yGuwo=', 'Computer Science And Engineering', 9876543210, 'Second Year', '1 November, 2016', 'Maharashtra', 'GATE,UPSC / MPSC,Masters,', 'no suggestions'),
('be15f05f003', '', 'the three', 'Male', 'thr@gmail.com', 'XnCOFXzvzFGHXS/GZ5kVEZ9PAE2N+oCeqydK87yGuwo=', 'Computer Science And Engineering', 9874563201, 'Second Year', '3 November, 2016', 'Jammu and Kashmir', 'GATE,CAT,Job,', 'noooooo'),
('be15f05f005', '', 'five ove', 'Male', 'ove@ov.com', 'XnCOFXzvzFGHXS/GZ5kVEZ9PAE2N+oCeqydK87yGuwo=', 'Electrical Engineering', 9874563201, 'Third Year', '13 November, 2016', 'Maharashtra', 'PHD', 'suggested'),
('be15f05f006', '', 'six six', 'Female', 'six@six.com', 'XnCOFXzvzFGHXS/GZ5kVEZ9PAE2N+oCeqydK87yGuwo=', 'Computer Science And Engineering', 8520147963, 'Second Year', '2 November, 2016', 'Daman and Diu', 'Other', 'sq'),
('be15f05f007', '', 'sev ove', 'Male', 'ove@ov.on', 'XnCOFXzvzFGHXS/GZ5kVEZ9PAE2N+oCeqydK87yGuwo=', 'Civil Engineering', 8520147963, '', '', '', NULL, ''),
('be15f05f008', '', 'Siddhesh Bhaleroa', 'Male', 'w@w.com', 'rEqbiBtYxeOa4ZSRiIuwkVh532h7w2Ldbgtv+UJ47ek=', 'Computer Science And Engineering', 8520147963, '', '', '', NULL, ''),
('be15f05f012', '', 'No name', 'Male', 'name@gmail.com', 'XnCOFXzvzFGHXS/GZ5kVEZ9PAE2N+oCeqydK87yGuwo=', 'Computer Science And Engineering', 8520147963, '', '', '', NULL, ''),
('be15f05f027', '', '27 Seven', 'Male', 'sev@sev.in', 'XnCOFXzvzFGHXS/GZ5kVEZ9PAE2N+oCeqydK87yGuwo=', 'Electronics And Telecommunications', 8520147963, '', '', '', NULL, ''),
('be15f05f028', '', 'twenty eight', 'Male', '123@123.com', 'XnCOFXzvzFGHXS/GZ5kVEZ9PAE2N+oCeqydK87yGuwo=', 'Computer Science And Engineering', 8520147963, '', '', '', NULL, ''),
('be15f05f029', '', 'twenty nine', 'Male', 'nin@nin.com', 'XnCOFXzvzFGHXS/GZ5kVEZ9PAE2N+oCeqydK87yGuwo=', 'Master of Computer Application', 8754698524, '', '', '', NULL, ''),
('be15f05f037', '', 'sevenn', 'Male', 'sev@me.in', 'rw9bGKeuwtY0/MN8LjuXi8r5osefqzblEWu9vb+lWos=', 'Mechanical Engineering', 8719306224, '', '', '', NULL, ''),
('be15f05f047', '', 'Ashish Bhau', 'Male', 'ashish@gmail.com', '4vJpt2CtTvdGbvG/xYf4wf4bsdcY0BdEa1nbxdGJzxU=', 'Computer Science And Engineering', 9422708621, '', '', '', NULL, ''),
('BE15F06F001', '', 'Trial ktrial', 'Male', 'tria12@gmail.com', 'jhc5E74/hb88/84KkPCHtmsstqDVLBndFdYu1BS2n8w=', 'Electrical Engineering', 9422708651, '', '', '', NULL, ''),
('Be15F06F011', '', 'Something', 'Male', 'trial@gmail.com', 'w8gGv5EcrH/RMDUwSBw+el9WvMx1bwDGcCNz8Joh6uc=', 'Computer Science And Engineering', 9021435997, '', '', '', NULL, '');

--
-- Indexes for dumped tables
--

--
-- Indexes for table `skills`
--
ALTER TABLE `skills`
  ADD PRIMARY KEY (`userId`);

--
-- Indexes for table `users`
--
ALTER TABLE `users`
  ADD PRIMARY KEY (`userId`);

/*!40101 SET CHARACTER_SET_CLIENT=@OLD_CHARACTER_SET_CLIENT */;
/*!40101 SET CHARACTER_SET_RESULTS=@OLD_CHARACTER_SET_RESULTS */;
/*!40101 SET COLLATION_CONNECTION=@OLD_COLLATION_CONNECTION */;
